Rule_ID,Rule,Support_Count,Confidence,Consequent
R1,IF (NhietDo = 'Mat') AND (DoAm = 'BinhThuong') AND (ApSuat = 'TB') AND (Gio = 'Manh') AND (HuongGio = 'Khac') AND (BienDoNhiet = 'Rong') THEN (Rain_Flood_Risk = 0),188,1.0,0
R2,IF (NhietDo = 'Mat') AND (DoAm = 'BinhThuong') AND (ApSuat = 'TB') AND (Gio = 'Yeu') AND (HuongGio = 'Khac') AND (BienDoNhiet = 'Rong') THEN (Rain_Flood_Risk = 0),73,1.0,0
R3,IF (NhietDo = 'Mat') AND (DoAm = 'BinhThuong') AND (ApSuat = 'TB') AND (Gio = 'Yeu') AND (HuongGio = 'DongBac') AND (BienDoNhiet = 'Rong') THEN (Rain_Flood_Risk = 0),35,1.0,0
R4,IF (NhietDo = 'Nong') AND (DoAm = 'BinhThuong') AND (ApSuat = 'TB') AND (Gio = 'Manh') AND (HuongGio = 'Khac') AND (BienDoNhiet = 'Rong') THEN (Rain_Flood_Risk = 0),31,1.0,0
R5,IF (NhietDo = 'Mat') AND (DoAm = 'BinhThuong') AND (ApSuat = 'TB') AND (Gio = 'Manh') AND (HuongGio = 'DongBac') AND (BienDoNhiet = 'Rong') THEN (Rain_Flood_Risk = 0),28,1.0,0
R6,IF (NhietDo = 'Mat') AND (DoAm = 'BinhThuong') AND (ApSuat = 'Cao') AND (Gio = 'Manh') AND (HuongGio = 'Khac') AND (BienDoNhiet = 'Rong') THEN (Rain_Flood_Risk = 0),27,1.0,0
R7,IF (NhietDo = 'Mat') AND (DoAm = 'Cao') AND (ApSuat = 'TB') AND (Gio = 'Manh') AND (HuongGio = 'Khac') AND (BienDoNhiet = 'Hep') THEN (Rain_Flood_Risk = 0),25,1.0,0
R8,IF (NhietDo = 'Nong') AND (DoAm = 'BinhThuong') AND (ApSuat = 'Thap') AND (Gio = 'Manh') AND (HuongGio = 'Khac') AND (BienDoNhiet = 'Rong') THEN (Rain_Flood_Risk = 0),21,1.0,0
R9,IF (NhietDo = 'Mat') AND (DoAm = 'BinhThuong') AND (ApSuat = 'Thap') AND (Gio = 'Manh') AND (HuongGio = 'Khac') AND (BienDoNhiet = 'Rong') THEN (Rain_Flood_Risk = 0),16,1.0,0
R10,IF (NhietDo = 'Mat') AND (DoAm = 'Cao') AND (ApSuat = 'Thap') AND (Gio = 'Manh') AND (HuongGio = 'Khac') AND (BienDoNhiet = 'Rong') THEN (Rain_Flood_Risk = 0),15,1.0,0
R11,IF (NhietDo = 'Mat') AND (DoAm = 'BinhThuong') AND (ApSuat = 'Thap') AND (Gio = 'Yeu') AND (HuongGio = 'Khac') AND (BienDoNhiet = 'Rong') THEN (Rain_Flood_Risk = 0),14,1.0,0
R12,IF (NhietDo = 'Mat') AND (DoAm = 'BinhThuong') AND (ApSuat = 'Cao') AND (Gio = 'Yeu') AND (HuongGio = 'DongBac') AND (BienDoNhiet = 'Rong') THEN (Rain_Flood_Risk = 0),13,1.0,0
R13,IF (NhietDo = 'Lanh') AND (DoAm = 'BinhThuong') AND (ApSuat = 'TB') AND (Gio = 'Yeu') AND (HuongGio = 'Khac') AND (BienDoNhiet = 'Rong') THEN (Rain_Flood_Risk = 0),10,1.0,0
R14,IF (NhietDo = 'Nong') AND (DoAm = 'BinhThuong') AND (ApSuat = 'TB') AND (Gio = 'Yeu') AND (HuongGio = 'Khac') AND (BienDoNhiet = 'Rong') THEN (Rain_Flood_Risk = 0),10,1.0,0
R15,IF (NhietDo = 'Mat') AND (DoAm = 'BinhThuong') AND (ApSuat = 'Cao') AND (Gio = 'Manh') AND (HuongGio = 'DongBac') AND (BienDoNhiet = 'Rong') THEN (Rain_Flood_Risk = 0),10,1.0,0
R16,IF (NhietDo = 'Mat') AND (DoAm = 'BinhThuong') AND (ApSuat = 'Cao') AND (Gio = 'Yeu') AND (HuongGio = 'Khac') AND (BienDoNhiet = 'Rong') THEN (Rain_Flood_Risk = 0),9,1.0,0
R17,IF (NhietDo = 'Lanh') AND (DoAm = 'Cao') AND (ApSuat = 'TB') AND (Gio = 'Yeu') AND (HuongGio = 'Khac') AND (BienDoNhiet = 'Rong') THEN (Rain_Flood_Risk = 0),8,1.0,0
R18,IF (NhietDo = 'Lanh') AND (DoAm = 'Cao') AND (ApSuat = 'TB') AND (Gio = 'Yeu') AND (HuongGio = 'DongBac') AND (BienDoNhiet = 'Rong') THEN (Rain_Flood_Risk = 0),7,1.0,0
R19,IF (NhietDo = 'Lanh') AND (DoAm = 'BinhThuong') AND (ApSuat = 'TB') AND (Gio = 'Manh') AND (HuongGio = 'Khac') AND (BienDoNhiet = 'Rong') THEN (Rain_Flood_Risk = 0),6,1.0,0
R20,IF (NhietDo = 'Mat') AND (DoAm = 'Cao') AND (ApSuat = 'TB') AND (Gio = 'Manh') AND (HuongGio = 'DongBac') AND (BienDoNhiet = 'Rong') THEN (Rain_Flood_Risk = 0),6,1.0,0
R21,IF (NhietDo = 'Nong') AND (DoAm = 'BinhThuong') AND (ApSuat = 'Thap') AND (Gio = 'Yeu') AND (HuongGio = 'Khac') AND (BienDoNhiet = 'Rong') THEN (Rain_Flood_Risk = 0),5,1.0,0
R22,IF (NhietDo = 'Mat') AND (DoAm = 'BinhThuong') AND (ApSuat = 'TB') AND (Gio = 'Yeu') AND (HuongGio = 'TayNam') AND (BienDoNhiet = 'Rong') THEN (Rain_Flood_Risk = 0),4,1.0,0
R23,IF (NhietDo = 'Mat') AND (DoAm = 'BinhThuong') AND (ApSuat = 'Thap') AND (Gio = 'Yeu') AND (HuongGio = 'DongBac') AND (BienDoNhiet = 'Rong') THEN (Rain_Flood_Risk = 0),4,1.0,0
R24,IF (NhietDo = 'Lanh') AND (DoAm = 'BinhThuong') AND (ApSuat = 'TB') AND (Gio = 'Yeu') AND (HuongGio = 'DongBac') AND (BienDoNhiet = 'Rong') THEN (Rain_Flood_Risk = 0),4,1.0,0
R25,IF (NhietDo = 'Lanh') AND (DoAm = 'BinhThuong') AND (ApSuat = 'Cao') AND (Gio = 'Yeu') AND (HuongGio = 'Khac') AND (BienDoNhiet = 'Rong') THEN (Rain_Flood_Risk = 0),4,1.0,0
R26,IF (NhietDo = 'Mat') AND (DoAm = 'Cao') AND (ApSuat = 'Cao') AND (Gio = 'Yeu') AND (HuongGio = 'DongBac') AND (BienDoNhiet = 'Rong') THEN (Rain_Flood_Risk = 0),4,1.0,0
R27,IF (NhietDo = 'Lanh') AND (DoAm = 'BinhThuong') AND (ApSuat = 'Cao') AND (Gio = 'Yeu') AND (HuongGio = 'DongBac') AND (BienDoNhiet = 'Rong') THEN (Rain_Flood_Risk = 0),3,1.0,0
R28,IF (NhietDo = 'Nong') AND (DoAm = 'BinhThuong') AND (ApSuat = 'TB') AND (Gio = 'Yeu') AND (HuongGio = 'TayNam') AND (BienDoNhiet = 'Rong') THEN (Rain_Flood_Risk = 0),3,1.0,0
R29,IF (NhietDo = 'Mat') AND (DoAm = 'BinhThuong') AND (ApSuat = 'TB') AND (Gio = 'Manh') AND (HuongGio = 'DongBac') AND (BienDoNhiet = 'Hep') THEN (Rain_Flood_Risk = 0),3,1.0,0
R30,IF (NhietDo = 'Mat') AND (DoAm = 'BinhThuong') AND (ApSuat = 'TB') AND (Gio = 'Manh') AND (HuongGio = 'Khac') AND (BienDoNhiet = 'Hep') THEN (Rain_Flood_Risk = 0),2,1.0,0
R31,IF (NhietDo = 'Mat') AND (DoAm = 'BinhThuong') AND (ApSuat = 'TB') AND (Gio = 'Manh') AND (HuongGio = 'TayNam') AND (BienDoNhiet = 'Rong') THEN (Rain_Flood_Risk = 0),2,1.0,0
R32,IF (NhietDo = 'Nong') AND (DoAm = 'Cao') AND (ApSuat = 'Thap') AND (Gio = 'Yeu') AND (HuongGio = 'TayNam') AND (BienDoNhiet = 'Rong') THEN (Rain_Flood_Risk = 0),2,1.0,0
R33,IF (NhietDo = 'Nong') AND (DoAm = 'BinhThuong') AND (ApSuat = 'Thap') AND (Gio = 'Manh') AND (HuongGio = 'TayNam') AND (BienDoNhiet = 'Rong') THEN (Rain_Flood_Risk = 0),2,1.0,0
R34,IF (NhietDo = 'Mat') AND (DoAm = 'Cao') AND (ApSuat = 'Cao') AND (Gio = 'Manh') AND (HuongGio = 'DongBac') AND (BienDoNhiet = 'Rong') THEN (Rain_Flood_Risk = 0),2,1.0,0
R35,IF (NhietDo = 'Mat') AND (DoAm = 'BinhThuong') AND (ApSuat = 'Thap') AND (Gio = 'Yeu') AND (HuongGio = 'TayNam') AND (BienDoNhiet = 'Rong') THEN (Rain_Flood_Risk = 0),2,1.0,0
R36,IF (NhietDo = 'Lanh') AND (DoAm = 'Cao') AND (ApSuat = 'Cao') AND (Gio = 'Yeu') AND (HuongGio = 'DongBac') AND (BienDoNhiet = 'Rong') THEN (Rain_Flood_Risk = 0),2,1.0,0
R37,IF (NhietDo = 'Nong') AND (DoAm = 'BinhThuong') AND (ApSuat = 'Thap') AND (Gio = 'Yeu') AND (HuongGio = 'TayNam') AND (BienDoNhiet = 'Rong') THEN (Rain_Flood_Risk = 0),2,1.0,0
R38,IF (NhietDo = 'Lanh') AND (DoAm = 'BinhThuong') AND (ApSuat = 'Cao') AND (Gio = 'Yeu') AND (HuongGio = 'TayNam') AND (BienDoNhiet = 'Rong') THEN (Rain_Flood_Risk = 0),2,1.0,0
R39,IF (NhietDo = 'Lanh') AND (DoAm = 'Cao') AND (ApSuat = 'Cao') AND (Gio = 'Yeu') AND (HuongGio = 'Khac') AND (BienDoNhiet = 'Hep') THEN (Rain_Flood_Risk = 1),1,1.0,1
R40,IF (NhietDo = 'Lanh') AND (DoAm = 'Cao') AND (ApSuat = 'TB') AND (Gio = 'Manh') AND (HuongGio = 'DongBac') AND (BienDoNhiet = 'Rong') THEN (Rain_Flood_Risk = 1),1,1.0,1
R41,IF (NhietDo = 'Nong') AND (DoAm = 'Cao') AND (ApSuat = 'Thap') AND (Gio = 'Yeu') AND (HuongGio = 'Khac') AND (BienDoNhiet = 'Hep') THEN (Rain_Flood_Risk = 0),1,1.0,0
R42,IF (NhietDo = 'Lanh') AND (DoAm = 'Cao') AND (ApSuat = 'Cao') AND (Gio = 'Yeu') AND (HuongGio = 'Khac') AND (BienDoNhiet = 'Rong') THEN (Rain_Flood_Risk = 0),1,1.0,0
R43,IF (NhietDo = 'Mat') AND (DoAm = 'BinhThuong') AND (ApSuat = 'TB') AND (Gio = 'Yeu') AND (HuongGio = 'DongBac') AND (BienDoNhiet = 'Hep') THEN (Rain_Flood_Risk = 0),1,1.0,0
R44,IF (NhietDo = 'Lanh') AND (DoAm = 'BinhThuong') AND (ApSuat = 'TB') AND (Gio = 'Manh') AND (HuongGio = 'DongBac') AND (BienDoNhiet = 'Rong') THEN (Rain_Flood_Risk = 0),1,1.0,0
R45,IF (NhietDo = 'Mat') AND (DoAm = 'BinhThuong') AND (ApSuat = 'Cao') AND (Gio = 'Manh') AND (HuongGio = 'DongBac') AND (BienDoNhiet = 'Hep') THEN (Rain_Flood_Risk = 0),1,1.0,0
R46,IF (NhietDo = 'Lanh') AND (DoAm = 'BinhThuong') AND (ApSuat = 'TB') AND (Gio = 'Yeu') AND (HuongGio = 'TayNam') AND (BienDoNhiet = 'Rong') THEN (Rain_Flood_Risk = 0),1,1.0,0
R47,IF (NhietDo = 'Lanh') AND (DoAm = 'BinhThuong') AND (ApSuat = 'Thap') AND (Gio = 'Yeu') AND (HuongGio = 'Khac') AND (BienDoNhiet = 'Rong') THEN (Rain_Flood_Risk = 0),1,1.0,0
R48,IF (NhietDo = 'Nong') AND (DoAm = 'BinhThuong') AND (ApSuat = 'Thap') AND (Gio = 'Manh') AND (HuongGio = 'Khac') AND (BienDoNhiet = 'Hep') THEN (Rain_Flood_Risk = 0),1,1.0,0
R49,IF (NhietDo = 'Lanh') AND (DoAm = 'Cao') AND (ApSuat = 'TB') AND (Gio = 'Yeu') AND (HuongGio = 'TayNam') AND (BienDoNhiet = 'Rong') THEN (Rain_Flood_Risk = 0),1,1.0,0
R50,IF (NhietDo = 'Lanh') AND (DoAm = 'BinhThuong') AND (ApSuat = 'Thap') AND (Gio = 'Manh') AND (HuongGio = 'Khac') AND (BienDoNhiet = 'Rong') THEN (Rain_Flood_Risk = 0),1,1.0,0
R51,IF (NhietDo = 'Mat') AND (DoAm = 'BinhThuong') AND (ApSuat = 'TB') AND (Gio = 'Yeu') AND (HuongGio = 'Khac') AND (BienDoNhiet = 'Hep') THEN (Rain_Flood_Risk = 0),1,1.0,0
R52,IF (NhietDo = 'Mat') AND (DoAm = 'BinhThuong') AND (ApSuat = 'TB') AND (Gio = 'Manh') AND (HuongGio = 'TayNam') AND (BienDoNhiet = 'Hep') THEN (Rain_Flood_Risk = 0),1,1.0,0
R53,IF (NhietDo = 'Nong') AND (DoAm = 'BinhThuong') AND (ApSuat = 'Cao') AND (Gio = 'Yeu') AND (HuongGio = 'DongBac') AND (BienDoNhiet = 'Rong') THEN (Rain_Flood_Risk = 0),1,1.0,0
R54,IF (NhietDo = 'Nong') AND (DoAm = 'BinhThuong') AND (ApSuat = 'TB') AND (Gio = 'Yeu') AND (HuongGio = 'TayNam') AND (BienDoNhiet = 'Hep') THEN (Rain_Flood_Risk = 0),1,1.0,0
R55,IF (NhietDo = 'Mat') AND (DoAm = 'Cao') AND (ApSuat = 'Thap') AND (Gio = 'Yeu') AND (HuongGio = 'DongBac') AND (BienDoNhiet = 'Hep') THEN (Rain_Flood_Risk = 1),1,1.0,1
R56,IF (NhietDo = 'Nong') AND (DoAm = 'BinhThuong') AND (ApSuat = 'TB') AND (Gio = 'Yeu') AND (HuongGio = 'DongBac') AND (BienDoNhiet = 'Rong') THEN (Rain_Flood_Risk = 0),1,1.0,0
R57,IF (NhietDo = 'Lanh') AND (DoAm = 'Cao') AND (ApSuat = 'TB') AND (Gio = 'Manh') AND (HuongGio = 'TayNam') AND (BienDoNhiet = 'Hep') THEN (Rain_Flood_Risk = 0),1,1.0,0
R58,IF (NhietDo = 'Lanh') AND (DoAm = 'Cao') AND (ApSuat = 'TB') AND (Gio = 'Yeu') AND (HuongGio = 'TayNam') AND (BienDoNhiet = 'Hep') THEN (Rain_Flood_Risk = 0),1,1.0,0
R59,IF (NhietDo = 'Lanh') AND (DoAm = 'BinhThuong') AND (ApSuat = 'Cao') AND (Gio = 'Manh') AND (HuongGio = 'Khac') AND (BienDoNhiet = 'Rong') THEN (Rain_Flood_Risk = 0),1,1.0,0
R60,IF (NhietDo = 'Lanh') AND (DoAm = 'Cao') AND (ApSuat = 'Cao') AND (Gio = 'Yeu') AND (HuongGio = 'TayNam') AND (BienDoNhiet = 'Rong') THEN (Rain_Flood_Risk = 1),1,1.0,1
R61,IF (NhietDo = 'Lanh') AND (DoAm = 'Cao') AND (ApSuat = 'Thap') AND (Gio = 'Yeu') AND (HuongGio = 'Khac') AND (BienDoNhiet = 'Rong') THEN (Rain_Flood_Risk = 0),1,1.0,0
R62,IF (NhietDo = 'Lanh') AND (DoAm = 'Cao') AND (ApSuat = 'Thap') AND (Gio = 'Manh') AND (HuongGio = 'TayNam') AND (BienDoNhiet = 'Rong') THEN (Rain_Flood_Risk = 1),1,1.0,1
R63,IF (NhietDo = 'Mat') AND (DoAm = 'Cao') AND (ApSuat = 'Cao') AND (Gio = 'Yeu') AND (HuongGio = 'DongBac') AND (BienDoNhiet = 'Hep') THEN (Rain_Flood_Risk = 0),1,1.0,0
R64,IF (NhietDo = 'Mat') AND (DoAm = 'Cao') AND (ApSuat = 'Cao') AND (Gio = 'Yeu') AND (HuongGio = 'Khac') AND (BienDoNhiet = 'Hep') THEN (Rain_Flood_Risk = 0),1,1.0,0
R65,IF (NhietDo = 'Mat') AND (DoAm = 'BinhThuong') AND (ApSuat = 'Thap') AND (Gio = 'Manh') AND (HuongGio = 'TayNam') AND (BienDoNhiet = 'Rong') THEN (Rain_Flood_Risk = 0),1,1.0,0
R66,IF (NhietDo = 'Mat') AND (DoAm = 'BinhThuong') AND (ApSuat = 'Thap') AND (Gio = 'Yeu') AND (HuongGio = 'Khac') AND (BienDoNhiet = 'Hep') THEN (Rain_Flood_Risk = 0),1,1.0,0
